iter	RMSE
0	1831.129773
1	1648.62026
